,VMSڑݒ\,,,,,,,,,,
,,[U,PASS,ڑIP,,,,TEL-NO,ݒ,K,
1,x@,G1800001,V,172,16,10,11,080-8030-6645,,,
2,ۂ̓x@,G1800002,V,172,16,10,13,080-8030-6654,,,
3,_cx@,G1800003,V,172,16,10,15,080-8030-6671,,,
4,x@,G1800004,V,172,16,10,17,080-8030-6675,,,
5,x@,G1800005,V,172,16,10,19,080-8030-6692,,,
6,vx@,G1800006,V,172,16,10,21,080-8030-6696,,,
7,znx@,G1800007,V,172,16,10,23,080-8030-6710,,,
8,x@,G1800008,V,172,16,10,25,080-8030-6731,,,
9,x@,G1800009,V,172,16,10,27,080-8030-6745,,,
10,Ocx@,G1800010,V,172,16,10,29,080-8030-6756,5Gς,,
11,֌x@,G1800011,V,172,16,10,31,080-8030-6797,,,
12,zx@,G1800012,V,172,16,10,33,080-8030-6809,,,
13,ԍx@,G1800013,V,172,16,10,35,080-8030-6824,,,
14,p݌x@,G1800014,V,172,16,10,37,080-8030-6849,5Gς,,
,<@v>,,,,,,,,,,
15,ix@,G1800015,V,172,16,10,39,080-8030-6859,vݒ,,
16,x@,G1800016,V,172,16,10,41,080-8030-6861,vݒ,,
17,x@,G1800017,V,172,16,10,43,080-8030-6877,vݒ,,
18,`x@,G1800018,V,172,16,10,45,080-8030-6903,vݒ,,
19,Xx@,G1800019,V,172,16,10,47,080-8030-6909,vݒ,,
20,czx@,G1800020,V,172,16,10,49,080-8030-6916,vݒ,,
21,cx@,G1800021,V,172,16,10,51,080-8030-6932,ݒ,,
22,rx@,G1800022,V,172,16,10,53,080-8030-6944,vݒ,,
23,`x@,G1800023,V,172,16,10,55,080-8030-6946,5Gς,,Г
,<@v>,,,,,,,,,,
24,cJx@,G1800024,V,172,16,10,57,080-8030-6953,,,
25,kx@,G1800025,V,172,16,10,59,080-8030-6973,,,
26,ʐx@,G1800026,V,172,16,10,61,080-8030-6983,5Gς,,
27,x@,G1800027,V,172,16,10,63,080-8030-7041,,,
28,ڍx@,G1800028,V,172,16,10,65,080-8030-7060,,,
29,蕶Jx@,G1800029,V,172,16,10,67,080-8030-7062,,,
30,aJx@,G1800030,V,172,16,10,69,080-8030-7067,,,
31,hx@,G1800031,V,172,16,10,71,080-8030-7077,5Gς,,
32,X،x@,G1800032,V,172,16,10,73,080-8030-7083,,,
,<@v>,,,,,,,,,,
33,x@,G1800033,V,172,16,10,75,080-8030-7097,,,
34,Vhx@,G1800034,V,172,16,10,77,080-8030-7110,,,
35,˒ˌx@,G1800035,V,172,16,10,79,080-8030-7123,,,
36,lJx@,G1800036,V,172,16,10,81,080-8030-7141,,,
37,x@,G1800037,V,172,16,10,83,080-8030-7150,,,
38,x@,G1800038,V,172,16,10,85,080-8030-7155,,,
39,x@,G1800039,V,172,16,10,87,080-8030-7162,,,
40,ˌx@,G1800040,V,172,16,10,89,080-8030-7168,,,
41,Ex@,G1800041,V,172,16,10,91,080-8030-7174,,,
,<@v>,,,,,,,,,,
42,xx@,G1800042,V,172,16,10,93,080-8030-7184,,,
43,ˌx@,G1800043,V,172,16,10,95,080-8030-7192,,,
44,{xmx@,G1800044,V,172,16,10,97,080-8030-7195,,,
45,x@,G1800045,V,172,16,10,99,080-8030-7259,,,
46,x@,G1800046,V,172,16,10,101,080-8030-7284,,,
47,r܌x@,G1800047,V,172,16,10,103,080-8030-7297,,,
48,ڔx@,G1800048,V,172,16,10,105,080-8030-7309,,,
,<@v>,,,,,,,,,,
49,x@,G1800049,V,172,16,10,107,080-8030-7320,,,
50,qx@,G1800050,V,172,16,10,109,080-8030-7349,,,
51,ԉHx@,G1800051,V,172,16,10,111,080-8030-7391,,,
52,x@,G1800052,V,172,16,10,113,080-8030-7410,,,
53,ux@,G1800053,V,172,16,10,115,080-8030-7446,,,
54,x@,G1800054,V,172,16,10,117,080-8030-7489,,,
55,nx@,G1800055,V,172,16,10,119,080-8030-7496,,,
56,ux@,G1800056,V,172,16,10,121,080-8030-7501,,,
57,ΐ_x@,G1800057,V,172,16,10,123,080-8030-7536,,,
,<@v>,,,,,,,,,,
58,x@,G1800058,V,172,16,10,125,080-8030-7548,,,
59,Jx@,G1800059,V,172,16,10,127,080-8030-7559,,,
60,󑐌x@,G1800060,V,172,16,10,129,080-8030-7583,,,
61,Ox@,G1800061,V,172,16,10,131,080-8030-7598,,,
62,vx@,G1800062,V,172,16,10,133,080-8030-7606,,,
63,Zx@,G1800063,V,172,16,10,135,080-8030-7627,,,
64,rx@,G1800064,V,172,16,10,137,080-8030-7667,,,
65,Zx@,G1800065,V,172,16,10,139,080-8030-7673,,,
66,Vx@,G1800066,V,172,16,10,141,080-8030-7677,,,
67,|̒ˌx@,G1800067,V,172,16,10,143,080-8030-7682,,,
68,x@,G1800068,V,172,16,10,145,080-8030-7701,,,
,<@v>,,,,,,,,,,
69,[x@,G1800069,V,172,16,10,147,080-8030-7724,,,
70,铌x@,G1800070,V,172,16,10,149,080-8030-7736,,,
71,{x@,G1800071,V,172,16,10,151,080-8030-7764,,,
72,x@,G1800072,V,172,16,10,153,080-8030-7806,,,
73,TLx@,G1800073,V,172,16,10,155,080-8030-7876,,,
74,x@,G1800074,V,172,16,10,157,080-8030-7929,,,
75,x@,G1800075,V,172,16,10,159,080-8030-8003,,,
76,x@,G1800076,V,172,16,10,161,080-8030-8017,,,
77,x@,G1800077,V,172,16,10,163,080-8030-8025,,,
,<@v>,,,,,,,,,,
78,x@,G1800078,V,172,16,10,165,080-8030-8067,,,
79,x@,G1800079,V,172,16,10,167,080-8030-8078,,,
80,ax@,G1800080,V,172,16,10,169,080-8030-8105,,,
81,{x@,G1800081,V,172,16,10,171,080-8030-8114,,,
82,x@,G1800082,V,172,16,10,173,080-8030-8117,,,
83,cx@,G1800083,V,172,16,10,175,080-8030-8126,,,
84,x@,G1800084,V,172,16,10,177,080-8030-8144,,,
85,Rx@,G1800085,V,172,16,10,179,080-8030-8153,,,
86,x@,G1800086,V,172,16,10,181,080-8030-8187,,,
87,Ox@,G1800087,V,172,16,10,183,080-8030-8218,,,
88,zx@,G1800088,V,172,16,10,185,080-8030-8250,,,
,<@v>,,,,,,,,,,
89,~x@,G1800089,V,172,16,10,187,080-8030-8266,,,
90,ܓsx@,G1800090,V,172,16,10,189,080-8030-8272,5Gς,,
91,x@,G1800091,V,172,16,10,191,080-8030-8288,,,
92,qx@,G1800092,V,172,16,10,193,080-8030-8296,,,
93,x@,G1800093,V,172,16,10,195,080-8030-8305,,,
94,x@,G1800094,V,172,16,10,197,080-8030-8334,,,
95,cx@,G1800095,V,172,16,10,199,080-8030-8336,,,
96,x@,G1800096,V,172,16,10,201,080-8030-8341,,,
97,x@,G1800097,V,172,16,10,203,080-8030-8346,,,
,<@v>,,,,,,,,,,
98,"{O
ixCqɁj",G1800098,V,172,16,10,205,080-8030-8359,,,Г
99,,G1800099,V,172,16,10,207,080-8030-8362,,,Г
100,,G1800100,V,172,16,10,209,080-8030-8375,,,LAN
101,"ۂ̓
i{Oہj",G1800101,V,172,16,10,210,080-8030-8383,hO,,Г
102,,G1800102,V,172,16,10,211,080-8030-8386,,,Г
103,,G1800103,V,172,16,10,212,,,,Г
104,,G1800104,V,172,16,10,213,,,,Г
,,,,,,,,,,,
,,,MARUNOUCHI101,,,,,,,,
,,,,,,,,,,,
,,,,,,,,,,,
,,,,,,,,,,,
,,,,,,,,,,,
,,,,,,,,,,,
,,,,,,,,,,,
,,,,,,,,,,,
,,,,,,,,,,,
,,,,,,,,,,,
,,,,,,,,,,,
,,,,,,,,,,,
,,,,,,,,,,,
,,,,,,,,,,,
,,,,,,,,,,,
,,,,,,,,,,,
,,,,,,,,,,,
,,,,,,,,,,,
,,,,,,,,,,,
