1,2018/03/07 05:56,生花1基16200円,16200,基,生花,内税,1,
2,2018/03/07 05:56,生花1基21600円,21600,基,生花,内税,2,
3,2018/03/07 05:56,生花1基32400円,32400,基,生花,内税,3,
4,2018/03/07 05:56,樒盛1基5400円,5400,基,樒,内税,4,
5,2018/03/07 05:56,小生花1基5400円,5400,基,小生花,内税,5,
6,2018/03/07 05:56,生花1対32400円,32400,対,生花,内税,6,
7,2018/03/07 05:56,生花1対43200円,43200,対,生花,内税,6,
8,2018/03/07 05:56,生花1対54000円,54000,対,生花,内税,7,
9,2018/03/07 05:56,生花1対64800円,64800,対,生花,内税,8,
10,2018/03/07 05:56,樒盛1対10800円,10800,対,樒,内税,9,
11,2018/03/07 05:56,小生花1対10800円,10800,対,小生花,内税,10,
12,2018/03/07 05:56,枕花1基10.800円,10800,基,生花,内税,10,
13,2018/03/07 05:56,花束1ケ10800円,10800,ケ,花束,内税,11,
14,2018/03/07 05:56,花束1ケ21600円,21600,ケ,花束,内税,12,
15,2018/03/07 05:56,花束1ゲ32400円,32400,ケ,花束,内税,13,
16,2018/03/07 05:56,キャスケード 1基21600円,21600,基,キャスケード,内税,14,
17,2018/03/07 05:56,キャスケード 1基32400円,32400,基,キャスケード,内税,15,
18,2018/03/07 05:56,キャスケード 1基54000円,54000,基,キャスケード,内税,16,
19,2018/03/07 05:56,シーズンブルーム 1対43200円,43200,対,生花,内税,17,
20,2018/03/07 05:56,シーズンブルーム 1基21600円,21600,基,生花,内税,17,
21,2018/03/07 05:56,天昇花1基21600円,21600,基,生花,内税,17,
22,2018/03/07 05:56,エンディングフルール 1基16200円,16200,基,生花,内税,18,
23,2018/03/07 05:56,リスペクトフラワー 1対21600円,21600,対,リスペクトフラワー,内税,20,
24,2018/03/07 05:56,筒花1対8220円,8220,対,生花,内税,21,
25,2018/03/07 05:56,スロープフラワー 1基16200円,16200,基,スロープフラワー,内税,23,
26,2018/03/07 05:56,スロープフラワー 1基21600円,21600,基,スロープフラワー,内税,24,
27,2018/03/07 05:56,スロープフラワー 1対32400円,32400,対,スロープフラワー,内税,25,
28,2018/03/07 05:56,スロープフラワー 1対43200円,43200,対,スロープフラワー,内税,26,
29,2018/03/07 05:56,式場前飾り54000円,54000,対,式場前飾り,内税,27,
30,2018/03/07 05:56,サイドフラワー 1対54000円,54000,対,サイドフラワー,内税,28,
31,2018/03/07 05:56,ルンビニー 1対54000円,54000,対,ルンビニー,内税,29,
32,2018/03/07 05:56,棺囲み1対108000円,108000,対,棺周り,内税,30,
33,2018/03/07 05:56,筒花1基4110円,4110,基,筒花,内税,31,
34,2018/03/07 05:56,筒花1基4320円,4320,基,筒花,内税,32,
35,2018/03/07 05:56,生花1対16200円,16200,対,生花,内税,33,
36,2018/03/07 05:56,生花1対21600円,21600,対,生花,内税,34,
37,2018/03/07 05:56,並樒1対5400日,5400,対,樒,内税,35,
38,2018/03/07 05:56,生花1対20000円,20000,対,生花,内税,3,
39,2018/03/07 05:56,生花1基10000,10000,基,生花,内税,37,
40,2018/03/07 05:56,写真前生花1基8743円,8743,基,生花,内税,37,
41,2018/03/07 05:56,盛花1対20571日,20571,対,生花,内税,38,
42,2018/03/07 05:56,盛花1基10286円,10286,基,生花,内税,39,
43,2018/03/07 05:56,盛花1基10285円,10285,基,生花,内税,40,
44,2018/03/07 05:56,盛花1基10800円,10800,基,生花,内税,40,
45,2018/03/07 05:56,エンディングブーケ 1基32400円,32400,基,生花,内税,41,
46,2018/03/07 05:56,エンディングブーケ 1基10800円,10800,基,生花,内税,41,
47,2018/03/07 05:56,エンディングブーケ 1基21600円,21600,基,生花,内税,41,
48,2018/03/07 05:56,ルルディ1対43200円,43200,対,生花,内税,42,
49,2018/03/07 05:56,サンクチュアリフラワー 1対32400円,32400,対,生花,内税,42,
50,2018/03/07 05:56,ポールフラワー 1対54000円,54000,対,生花,内税,43,
51,2018/03/07 05:56,ポールフラワー 1対108000円,108000,対,生花,内税,43,
52,2018/03/07 05:56,ポールフラワー 1対32400円,32400,対,生花,内税,43,
53,2018/03/07 05:56,ハートフルフラワー 1対64800円,64800,対,生花,内税,44,
54,2018/03/07 05:56,ハートフルフラワー 1対43200円,43200,対,生花,内税,44,
55,2018/03/07 05:56,ラージギール 1基32400円,32400,基,生花,内税,45,
56,2018/03/07 05:56,ラージギール 1対64800円,64800,対,生花,内税,45,
57,2018/03/07 05:56,ラージギール 1基54000円,54000,基,生花,内税,45,
58,2018/03/07 05:56,ラージギール 1対108000円,108000,対,生花,内税,45,
59,2018/03/07 05:56,サイドフラワー 1対75600円,75600,対,生花,内税,46,
60,2018/03/07 05:56,棺囲み1対108000,108000,対,生花,内税,47,
61,2018/03/07 05:56,花馬車1基43200円,43200,基,生花,内税,48,
62,2018/03/07 05:56,花馬車1基32400円,32400,基,生花,内税,48,
63,2018/03/07 05:56,小玉串1本150円,150,本,榊,内税,50,
64,2018/03/07 05:56,樒盛1基5OOO円,5000,基,樒,外税,55,
65,2018/03/07 05:56,祝花,1,O,祝花,内税,99,
66,2018/03/07 05:56,供物1基10800円,10800,基,供物,内税,101,
67,2018/03/07 05:56,樒盛1基16200円,16200,基,樒,内税,102,
68,2018/03/07 05:56,樒盛1基21600円,21600,基,樒,内税,103,
69,2018/03/07 05:56,樒盛1基32400円,32400,基,樒,内税,104,
70,2018/03/07 05:56,樒盛1対32400円,32400,対,樒,内税,105,
71,2018/03/07 05:56,樒盛1対43200円,43200,対,樒,内税,106,
72,2018/03/07 05:56,樒盛1対64800円,64800,対,樒,内税,107,
73,2018/03/07 05:56,並樒1対5000円,5000,対,樒,非課税,115,
74,2018/03/07 05:56,並樒,5000,対,樒,非課税,122,
75,2018/03/07 05:56,生花1基15000円,15000,基,生花,内税,123,
76,2018/03/07 05:56,生花1基15000円,15000,基,生花,内税,306,
77,2018/03/07 05:56,生花1基16000円,16000,基,生花,内税,338,
78,2018/03/07 05:56,生花1対16000円,16000,対,生花,内税,340,
79,2018/03/07 05:56,並樒1対4000日,4000,対,樒,内税,343,
80,2018/03/07 05:56,筒花1基4000円,4000,基,筒花,内税,346,
81,2018/03/07 05:56,樒盛1基21600円,21600,基,樒,内税,103,
82,2018/03/07 05:56,樒盛1基32400円,32400,基,樒,内税,104,
83,2018/03/07 05:56,樒盛1対32400円,32400,対,樒,内税,105,
84,2018/03/07 05:56,樒盛1対43200円,43200,対,樒,内税,106,
85,2018/03/07 05:56,樒盛1対64800円,64800,対,樒,内税,107,
86,2018/03/07 05:56,並樒1対5000日,5000,対,樒,非課税,115,
87,2018/03/07 05:56,並樒,5000,対,樒,非課税,122,
88,2018/03/07 05:56,生花1基15OOO円,15000,基,生花,内税,123,
89,2018/03/07 05:56,生花1基15000円,15000,基,生花,内税,306,
90,2018/03/07 05:56,生花1基16000円,16000,基,生花,内税,338,
91,2018/03/07 05:56,生花1対16000円,16000,対,生花,内税,340,
92,2018/03/07 05:56,並樒1対4000円,4000,対,樒,内税,343,
93,2018/03/07 05:56,筒花1基4000円,4000,基,筒花,内税,346,
94,2018/03/07 05:56,筒花1対8000円,8000,対,筒花,内税,347,
95,2018/03/07 05:56,写真花(樒)1基8500日,8500,基,生花,内税,351,
96,2018/03/07 05:56,写真花10800円,10000,基,生花,外税,359,
97,2018/03/07 05:56,枕花一基5250円,5250,基,生花,内税,367,
98,2018/03/07 05:56,樒盛1基10000円,10000,基,樒,内税,368,
99,2018/03/07 05:56,カゴ花1ケ15000円,15000,ケ,生花,内税,373,
100,2018/03/07 05:56,芳名板セット141750円,141750,対,生花,内税,500,
